{
    "parameters": {
        "initial": {
            "n_people": 400
        },
        "changes": [
            {
                "year": 2026,
                "params": {
                    "delta_time_days": 0.5
                }
            }
        ]
    },
    "programs": [
        {
            "first_year": 2022,
            "last_year": 2025,
            "interventions": {
                "treatment_interval": 1
            }
        },
        {
            "first_year": 2026,
            "last_year": 2040,
            "interventions": {
                "treatment_interval": 0.5,
                "min_age_of_treatment": 4,
                "total_population_coverage": 0.8,
                "noncompliant_percentage": 0.01,
                "microfilaricidal_nu": 0.04,
                "microfilaricidal_omega": 1.82,
                "embryostatic_lambda_max": 462,
                "embryostatic_phi": 4.83
            }
        }
    ]
}
