{
    "parameters": {
        "initial": {
            "n_people": 400,
            "sequela_active": [
                "Blindness",
                "SevereItching",
                "RSD",
                "APOD",
                "CPOD",
                "Atrophy",
                "HangingGroin",
                "Depigmentation"
            ]
        },
        "changes": []
    },
    "programs": [
        {
            "first_year": 2026,
            "last_year": 2040,
            "interventions": {
                "treatment_interval": 1,
                "correlation": 0.3
            }
        }
    ]
}
